id,Job Title,,skills
1, Digital Media Planner,, Media Planning| Digital Media
2, Online Bidding Executive,, pre sales| closing| software knowledge| clients| requirements| negotiating| client| online bidding| good communication| technology
3, Trainee Research/ Research Executive- Hi- Tech Operations,, Computer science| Fabrication| Quality check| Intellectual property| Electronics| Support services| Research| Management| Human resource management| Research Executive
4, Technical Support,, Technical Support
5, Software Test Engineer -hyderabad,, manual testing| test engineering| test cases| web testing| web technologies
6, Opening For Adobe Analytics Specialist,, adobe experience manager| digital| digital marketing| adobe analytics| data analytics| aem| adobe| sitecatalyst
7, Sales- Fresher-for Leading Property Consultant,, channel partners| real estate| negotiation| property| Residential Sales
8, Opportunity For Azure Devops Architect For Hyderabad Location,, TFS| Azure| Git| VSTS| Docker| DynaTrace| Splunk| AWS
9, BDE- PUNE,, Bde
10, Technical Support/ Product Support,, technical support| support services| application support| communication skills| voice based process| semi voice| semi voice process
11, Executive Assistant To Chairman,, secretary| executive assistant| ea
12, SEO Executive,, website| web analytics| xml| link building| google analytics| case studies| seo| social media| tracking| maintaining
13, Workflow Coordinator,, operations| workflow| tat| monitoring| mts| email
14,Oracle IDAM,,Oracle IDAM|OIM|OAM
15, Looking Facebook /social Media Manager For our Digital Marketing Ageny,, digital marketing| seo| social media marketing| content marketing| email marketing| sem| google analytics| campaign management| facebook| media management
16, Wanted Engineering Fresher For MNC Chennai,, instrumentation engineering| electrical engineering| Engineering| fresher| Trainee| immediate| Mechanical Engineering| electronics engineering| undergraduate
17, Tooling &amp; Sampling,, Help Desk| Customer Service| customer relationship| access controls| Asset Management| Vendor Management
18, Account Manager,, Report Generation| Policies| analytical| procedures| Analysts| Data Entry| analytical skills
19, Magento Developer,, Copyright| Email| jQuery| XML| Javascript| CakePHP| Customer service| Open source| Facebook| CSS3
20, Looking For Trained Freshers in MS Dynamics CRM- Hyderabad,, C#| MS Dynamics CRM| Microsoft Dynamics| ms dynamics
21, Job Openings Kotak Life/ Max Life/ Aditya Birla Health for Sales Mgr,, sales manager| business development manager| relationship manager| brokers| insurance sales| channel sales| direct sale| direct marketing| sales| Marketing Executive| Territory Sales Manager
22, Business Development / Corporate Sales,, lead generation| business development| corporate sales
23, Business Development Manager (BDM),, contract management| closing| it services| relationship building| managed services| selling| market research| business development manager| sales
24, QA Executive,, QA Executive
25, Back End Java Developer - Restful Services/soap,, Java EE| JMS| Core Java| JUnit| Weblogic| HTML| JPA| JSON| SOAP| SQL
26, Product Engineer,, Conceptualization| Architecting| Continuous improvement| SIDE| development| Front end| it
27, Opening For Articulate tool Developer - Articulate / Captivate)chennai,, Articulate Storyline
28, Urgent Hiring for Area Sales Manager,, Area Sales Management| Retail Sales| FMCG| Chocolate| confectionary| ASM| Area Sales Manager| area business manager
29, Software Engineer - C++ Development - Ooad/oops,, C#| Java| OOP| C++| Multithreading| UML| OOAD| OOPS| .Net| debugging
30, Linux Administrator Lead,, qmail| workflow| nagios| windows server| networking| mysql| monitoring| redhat| maintaining| centos
31, Hiring for Tech Pm/scrum Master for Hyderabad Location,, Java| JPA| Hibernate| Project Management| JDBC| Scrum Master| Microservices| Agile| SOAP| Rest
32, Assistant Professor (Grade I)-Theoretical Computer Science,,vide
33, US Based Financial Company Looking For Java API Engineers For HYD,, Java| java api| Banking| j2ee| API| finance| core java| microservices
34, Strong Partner Ecosystem,, GIS| ISO 27001| HR| information system| process| ISO 9001| Information security management| GIS software| Management| Edge
35, Wordpress Web Developer,,vide
36, Senior Executive- Contract Logistics- Bom WP-A,, Administration| Administrative Support| Contract Logistics| Staff Development| Site Management| Quality Improvement| warehousing| Warehouse Operations
37, Accounts Manager,, filing| tds| service industry| pf| esi| returns| coaching| payroll| invoice| tally
38, Technical Sales Executive with fixed pay & lucrative incentives/UK Inb,, Outbound| Antivirus| Technical support| Sales| Spot| Inbound calls| pay| Medical| Comp
39, nutanix sme ,, Troubleshooting| DNS| DHCP| Monitoring| Virtualization| Shell scripting| Python| VMS| Open source| Archiving
40, System Architect - 3g/4g Wireless Network Architecture & Migration,, 4G| 3GPP| 3G| System Architect| LTE| Radio Access Network| PhD| IEEE
41,"Excellent Opportunity For ” Linux Device Driver ” ,for Hyderabad and Ban",,arm processor|c|device drivers|embedded linux|linux kernel|ipc
42, Java Developer,, JMS| Core Java| Sonar| Weblogic| XML| J2Ee| SVN| Spring| Oracle 11G| SQL
43, Regional Representative,, market| presentation| strong analytical skills| english| presentation skills| developing| customer interaction
44, Hiring For Record To Report,, fixed assets| accounts payable| record to report| general accounting| general ledger
45, Product & Regional Sales Manager,, Team management| Regional sales| Management
46, Senior Manager/associate Director - Mandarin,, Commercial Activities| Commercial Sales| Online Sales| Senior Management| Budgeting| Strategy Implementation| Marketing| E - commerce
47, ODI Developer/lead ODI Developer - RACI,, ODI| Matrix
48, UI Developer,, javascript| sql| php| php mysql| css| software development| technical| photoshop| mca| ajax| jquery| application| web| design| mysql| html
49, Assistant Manager ,, Relationship management| Relationship building| Client relationship| Training| Analytical skills| Process mapping| Standard operating procedures| Agile| Management| Visa processing
50, Android Developer,, android| btech| iphone| server| analytical| developing| ios| platforms| objective c| web| xml| design| json| programming| development| c| testing| mobile| xcode| application development| eclipse| application| sdk| applications
51, International BPO / Non Voice Process / Rotational Shift / Ahmedabad,, cca| bpo| csr| international bpo| customer service| outbound process| customer care| tourism| customer support| fresher| voice process| inbound process| cse| bpo fresher| voice support| hotel| travel
52, iOS Developer,, bca| graphics| application development| b tech| core| b sc| application| b e| ios| publishing| animation
53, F&A Black belt - Process Excellence Lead,, Accounting| Continuous Improvement| Process Improvement| Load Balancing| Lean Six Sigma| Black Belt| Training| Green Belt| Process re - engineering| Process Excellence| Business Excellence| OTC
54, IT - Head (preferably from an NGO),, networking| information technology| network administration| technical support| support services| license management| disaster recovery| data security| it training| it software
55, Digital Content Producer For largest Media House,, Automobile| Digital Content| Content Development| Production| Web Content Writing
56, Manager Holidays,, Tourism| target achievement| negotiation skills| revenue management| Tour Packages
57, Backend Developer,, PHP| Networking| Data structures| HTTP| JSON| Software design| Computer science| System design| Backend| Ticketing
58, JUNIOR BIG DATA ANALYST IN,,vide
59, Chief Engineer,, Chief Engineer| Hospitality| HVAC| Maintenance| Water Treatment| Energy Conservation| Capital Expenditure
60,,,Marketing|Executive|Marketing|Marketing|Executive|Direct|Executives|Marketing|Executive|Executive|Executive|Executive|Marketing|Executive|Marketing|Executive|direct|marketing|executive|Marketing|Executive|Marketing|Executive|Executive|Marketing|Executive|direct|Executive|Direct|Marketing|Executive|Executive|Direct|Marketing|Marketing|Executive
61, Oracle DBA Consultant - Data Guard/rac Modules,, WebLogic| configuration| MySQL| installation| Oracle DBA| troubleshooting| Oracle RAC
62, Global HR Operations Analyst,, Service level| Data management| HR Coordinator| Management audit| HR operations| Human resource management
63,,,Manager|Transformation|Manager|Transformation|Manager|Manager|Manager|Manager|Transformation|Manager|Transformation|Manager|Manager|Transformation|Manager|Manager|Transformation|Transformation|Manager|Manager|Manager|Manager|Manager|Manager|Manager|Manager|Manager|Manager|Transformation|Manager|Manager|Manager|Manager|Manager|Manager|Transformation|Manager|Manager|Manager|Manager|Manager|Manager|Manager|Transformation|Manager|Transformation|Manager|Manager|Manager|Transformation|Manager|Transformation|Manager|Manager|Transformation|Manager|Manager|Manager|Manager|Manager|Manager|Manager|Manager|Transformation
64, Compiler- Support Engineer,, Graphics| C++| Windows OS| Linux| high performance computing| Test cases| System software| Gaming| FreeBSD
65, Key Accounts Manager,,vide
66, Head Sales- Coworking Company,, Sales| Team Building| Strategic Leadership| Real Estate| Field Sales| Sales Strategy| Enterprise Business| Go - to - market Strategy| Enterprise sales| Sales Executive Activities| Marketing
67," Clubhouse Manager, Facility Manager,",, Facility Management| facility services
68, IP DRG / Surgery / ED / Denials Coders,, sds| radiology| CPT| icd - 10| EM| medical coding| coders| surgery| ed
69, Sales Manager - Education Sales,, Market analysis| Public relations| CV| Relationship building| Market intelligence| Prospecting| Budgeting| Sales process| Branding
70, HR Associate,, ERP| MIS| Succession Planning| Reports| Talent Management| Human Resources| HR Policies| Recruitment| Talent Acquisition
71, Manager / Sr Manager - Digital Ad Sales - Ecommerce,, revenue generation| marketing| ad sales| web technologies
72, Architect Junior/ Middle level,, co ordination| team management| drafting| loans| online| coordination| quality
73, php developer,, English| PHP| XML| DOM| SOAP| Com| Web technologies| Written communication| Email| Time
74, Openstack Engineer / Openstack Admin with Ceph Storage,, cloud| puppet| python| git| KVM| linux| jenkins| openstack| ansible
75, Sr. Software Engineer,, National| Branch| Vice President| J2Ee| Software
76, Software Engineering- Mentor,, Mentor| Android| Consulting| Usage| development| software| mobile| it| SIDE| Front end| Web technologies| Coding| web| backend| Open source| programming| Investment
77, Application Tester,, Performance Testing| Software Testing| Manual Testing| Quality Testing
78, Credit Control - Manager / Asst. Manager,, Pivot Table| Credit Analysis| Tally ERP| Accounting| VLOOKUP| Finance| Lookup| Advanced Excel| HLOOKUP| Credit Control
79, Night Shift - Non Voice / Web Chat - BPO,, international bpo| bpo| kpo| web chat| non voice process| e mail| international call center| customer service representative| cse| interpersonal skills| ites| uk shift| customer service| e - commerce| customer care| customer support| bpo fresher
80, Sales Executive,, Innovative| Aggressive
81, Design Engineer Mechanical,, Communication Skills| Detail Engineering| Material Handling| AutoCAD| Detailing| Design Engineering| Microstation| Bid Evaluation
82, Android developer,, design| android| erp| software| mvc| quality
83, Technical Writer,, Technical Writing| Technical Documentation| Articles| Writing Skills| Product Support
84," Pro-Engineer , Matlab ,Ansys",, Ansys| thermal| MATLAB| System design| Recruitment| MCCB| Electricals
85, Business Development Executive - Kolkata,, Product placement| Market research| Distributor handling| Business Development Executive| Customer service| Customer Service Executive| Secondary sales| Supervision
86, Accountant - UK Based Accounting,, Management accounting| Accounting| VAT| Book Keeping| SAGE| Tax returns
87, Opportunity For Current Account RM ||bank || Delhi,, Trade| Forex Trading| Forex| fx| Lead Generation| Accounting| Banking| Revenue Generation| Current Account
88, PHP Developer,, XML| Javascript| PHP| development| css| technical| analytical| software| testing| HTML| tools| Joomla| coding| jQuery| web| MySQL| Wordpress| design| XHTML| debugging| Ajax
89, Senior Engineering Maintenance Manager For Knitting and ZLD System,, zld| Engineering Management| knitting
90, Accounting Specialist,, Analyst| ERP| Change management| Business objects| Managed services| Business process mapping| Executive management| Data mining| oracle project accounting| Testing
91, Manager (Service Operation),, ERP| Succession Planning| MIS| Reports| Talent Management| Human Resources| HR Policies| Recruitment| Talent Acquisition
92, DevOps Engineer Intern,, Intern| Linux| Windows| Unix| DNS| C++| Perl| IIS| Redhat| HTTP
93, PHP Developer (wordpress & Woo Commerce/shopify / Magento),, C| Woocommerce| Magento| Wordpress| MySQL| PHP| Shopify| JQuery| Web Development| Ajax
94, Java Developer,, CSS| Singleton| XML| Javascript| JDBC| Struts| JSON| HTML| Spring Boot| JQuery
95, Sr. Manager- Business Development,, Business Development Management| Bd| Marketing| business development| Projects| business development manager| bdm| Tendering| Proposal
96, Test Principal Engineer,, Ethical Hacking| Certified Ethical Hacker| Networking Protocols| Penetration Testing| Nessus| NMAP| Fortify| Vulnerability Assessment| Appscan| Qualys
97, Graphic Designer,, Graphic designing| Graphics| adobe creative suite| Architecture| MS Office| Business Executive
98, Business Development Executive,, Payment collection| Costing| Business Development Executive| Lead generation| Sales| Vendor| Cost
99, Animation Resident,, Internship| Digital marketing| Social media| Relationship building| Animation| Creative| Indesign| Business Executive| Presentation skills| Senior
100,Enterprise Business Development Representative,,market penetration|marketing|customer satisfaction|enterprise business|web technologies|business development|strategy|aws|sales
101, Dot Net Developer,, jquery| git| microsoft sql server| net asp net| software| testing| ado.net| microsoft| tools| sql| unit tests| database| application| web| design| .net| object oriented programming| support| programming
102," Urgent Opening for ""US Staffing Professionals"" - Noida",, technical recruitment| us staffing| us recruitment| us recruiter| us it staffing| technical recruiter| it recruiter| recruiter| w2| c2c| talent acquisition| recruitment| staffing| sourcing
103, Front Office Executive-Noida,, Front Office Executive
104, Project Executive/coordinator,, Project Administration| Coordination
105, Sterling OMS Architect,, Order Management system| Sterling Commerce| Sterling| OMS| Sterling Integrator| ecommerce| E - commerce
106, Dot net Developer,, analytical| documentation| web development| algorithms| development| javascript| sql server| jquery| database| web| flex| design| mysql| net
107, Centreless Grinding Operator ,, NCTVT
108, PHP Developer Jobs In Gurgaon - Team Lead - PHP,, Drupal| Application programming| MySQL| Wordpress| PHP| CakePHP| Team Leader| MVC| Zend| Software services
109, Sales Lead,, Outbound| Sales| Project management| Analytical| Sales Lead| Automation tools| Sales process| marketing automation
110, Clerk - Garh Shankar (Vacancy-1),,vide
111, Senior Design Engineer - Manufacturing,, AutoCAD| 3D Modeling| FMEA| Mechanical Engineering| Mechanical Design| SolidWorks
112, Software Engineer Automation - Industrial Automation Job In Bangalore,, Automation Engineer
113, Looking For Assistant Manager - Healthcare (US Visa is Must),, Revenue Cycle Management| US Healthcare| Payment Posting| Medical Billing| Medical Coding| us visa| Team Leading Skills| Healthcare| Denial Management| RCM
114, Senior Accounts Executive,,vide
115, QA for Voice Process (LE-0097-N1C),, Voice process| qaqc| Writing| Process operations| Verbal
116," Senior Resident - Obs. & Gynae, Max Hospital, Gurgaon",, Patient Care| Nursing| People Orientation| Report Generation| Service Quality| Disaster Management| Customer Care| Medical| Process Orientation
117,,,vide
118, Manager/senior Manager- Analytics- Life & Annuities - Insurance Domain,, Predictive Modeling| SAS| Data Management| Data Mining| Tableau| Data Analytics| Statistics| Analytics| SQL| Python
119, Executive Medical Coder,, molecular biology| chemistry| biotechnology| bhms| biology| Physiotherapy| microbiology| nursing| biomedical| Physics| medical coding| biochemistry| pharmacy| Ophthalmology| micro biology| Bioinformatics| zoology| biotech
120, Account Assistant,, accounts executive| accountant| Stock Management| gst| auditing| Statutory Compliance| accounting| Account Assistant| Bank Reconciliation| tax audit| banking| monthly reports| Payroll| salary processing| income tax| Income Tax Return| taxation
121, Informatica Faculty Job Requirement in Hyderabad,, Informatica Power Center| Informatica
122, SEO Expert/ Digital Marketing Gurgaon,, digital marketing| seo specialist| advertising agency| online marketing| seo| seo expert| facebook marketing
123, Head Engineering,, Validation| Installation| Breakdown Maintenance| Industrial Safety| gmp| Boiler| Design| HVAC| Gensets| Air Compressor| Breakdown| RO| who
124, Business Development Executive,, Forecasting
125, PPC Executive,, Pay Per Click| Google AdWords| Search Engine Marketing| PPC| SEM| Google Analytics| Website Analysis| Yahoo| Web Analytics| Marketing Initiatives
126, Opening For the post of Mr/territory Business Manager in An Pharma,, marketing officer| pharma sales| Marketing Representative| marketing executive| pharma marketing| sales officer| sales representative| business development executive| Fresher| trainee| sales executive
127, Deputy Manager - Program Management,, Project management| PPAP| Automotive| External audit| Conflict resolution| Resource mobilization| PFMEA| Risk management| Project life cycle
128, Public Relations Manager - Bangalore,, PR| Public Relations| Media Relations| Social Media| Marketing Communication| corporate communication| media relation| corp comm| Online Media| public relation| Journalism| Advertising| mass communication
129, Female Fresher's Counsellor- Gurgaon,, counselling| couselling| fresher| student counsellor| student counseling
130, BE Chemical - Fresher,, Help Desk| Customer Service| customer relationship| access controls| Asset Management| Vendor Management
131, Senior .Net Developer For Leading IT Company in Gurgaon,, asp dot net| .net developer| Dot Net Developer| asp.net| asp . net
132, Hiring a Valuation Associate (female Only),, Secondary Research| Valuation| Finance| Real Estate| Primary| Report Preparation| Business Development| Due Diligence| Financial Modelling
133, Merchandising & Marketing- Professor,, Teaching| Educator| Counselor| Mentor| Trainer| Advisor
134, Medical Transcriber,, X - Ray| Medical Transcription| Ultrasound| CT Scan
135, PHP Developer,, cms| javascript| wordpress| drupal| joomla| ajax| cakephp| zend| knowledge| xhtml
136, Business Development Manager,, Sales| Management| Sales management| Educational sales
137, Looking for a Job Change With a good package,, Outbound| Antivirus| Technical support| Technical Support Associate| process| Sales| Inbound calls| US shift| Comp
138, Huge Requirement for Customer Care Executive with Fixed Salary,, Technical support| English| Comp| Customer Care Executive| Inbound calls| Antivirus| Issue| Software
139,Assistant Manager – BI&I (data Automation),,C#|Application Development|Senior Level|MS SQL|Visual Basic|Power Bi|MSBI|SSIS|Recruitment|Data Integration
140, Field Sales Executive,, Escalation management| Field Sales Executive| Sales achievement| Training| Insurance sales
141, Sr. Manager Sales Capability Building,, Team management| Salesforce| Usage| Sales| Skill development| Training| Productivity improvement| Training management| Sales budgeting| TSI
142, Service Ops Expert - Servc Del | Microland,, Networking| Unix| Change management| Scheduling| Publishing| Incident management| VMware| Problem management| Remedy| SIP
143, Regional Trainer - Skin for Wellness & Beauty Industry (only Females),, planning| training| training manager| trainer| faculty
144, Sales Manager,, Sales| Billing| MS Office| Business reporting| Insurance sales| MIS preparation| Usage| Corporate| Networking| Retail
145, Field Support Team-Supervisor,, customer support| support service| field support| team| management| supervisor| self motivated| continuous improvement| give| enthusiastic
146, Sr. C# Developer,, Javascript| SQL| XML| server| css| technical| software| developing| HTML| tracking| database| web| Application development| net| programming| Ajax| development| DOM| solid| data integrity| Stored procedures| Reporting tools| application| applications
147, Sr Structural Engineer,, Senior Design Engineer| Engineering Design| SACS
148, IT Security Head ,, C| Python| Six Sigma| PMP| .NET| HTML| JavaScript| SQL| Oracle| assembly language| Real Time Operating Systems
149, Technical Support Executive,, Technical Support Executive| Electrical engineering
150, Analyst - Business Intelligence,, Data analysis| Automation| Google Analytics| Excel| Analytical| Business intelligence| Analytics| Product marketing| SQL| Data extraction
151,Nokia WING Circuit Core - SMSC Engineer,,Detail Design|Juniper|SMSC Engineer|Routing|IP Networking|Network Elements|Network Troubleshooting|High Level Design|Data Center|Switching
152, Assistant Restaurant Manager / Restaurant Manager,, assistant restaurant manager| restaurant| restaurant manager
153, Digital / Web Artist,, layout| visualization| digital media| graphic design| html| illustration| tools| part time
154, Business Development Manager,, selling| accounts| events| prospecting| business operations| ideas| coordinating| tracking| closing| maintaining
155, Web/ GUI Designer,, photoshop| illustrator| seo| jquery| fireworks| css3| gui| usability| development| static
156," Web Designer - Html, CSS, Bootstrap, Photoshop",, Photoshop| HTML| Wordpress| CSS3| bootstrap| Web technologies| html5| CSS
157, Python Developer,, Python
158, Web Designer,, server| multimedia| troubleshooting| graphics| audio| monitoring| javascript| jquery| user interface| css3
159, AVP- FX MO,, Senior management| MIS reporting| Building| Training| Management| Risk| Vice President| Focus| Trade| Associate Vice President
160, Cluster Sales Head - Tied Channel &amp; Affinity Alliances - Health Insura,, Sales Head| Tied Channel| Sales| Business Growth| Profitability| Business Operations| New Business| Alliances
161, Head - Project Management,, Project Management
162, Walk- In For Development QA/ Regulatory Affairs,, QA| Life Sciences| development quality assurance| Life Cycle| Regulatory Affairs| DQA| QMS| Dmf
163, Manager Accounts-wazirpur-mba-finance-salary-35k(export House exp),, accounting| finance| financial reporting| statutory compliance| gst| vat
164, Team Leader- Head Digital Prtnrshp & BD,, Data analysis| Consumer research| Management| Head Business Development
165, DWH Tester - Manual Testing,, Testing| Quality| Manual Testing| ETL| BI| DW| Datawarehouse Testing
166, Quality Assurance Engineer,, assembly language| Six Sigma| PMP| C| JavaScript| .NET| HTML| Oracle| Python| SQL
167, Technical / Functional Skills,, Product management| Business process| Linkedin| Automation| CV| Email| GIT| Technical| SDLC| Ideas
168, Software Development / Software Engineer,, ajax| javascript| php| erp| website| development| software development| module| mca| application development| application| web| programming
169,,,vide
170, Inbound Phone Banking Voice Process - Leading Bank - Noida,, customer service| customer care| team| communication| bpo| call center| inbound| voice| backend| non voice| telecalling| cse| cro| cce| data entry| back office| voice process| domestic bpo| fresher| trainee| Telemarketing| Outbound| sales| hardware| networking
171,Java Enterprise Edition,,Oracle|Core Java|Business process|Outsourcing|Operations|spring integration|J2Ee|Spring framework|JEE|Manager Technology
172, Associate Clinical Data Processor,, MS Office| Data entry
173,,,Sales|Counter|Sales|Sales|Sales|Sales|Counter|Sales|Sales|Sales|Counter|Sales|Sales|Counter|Sales|Sales|Sales|Sales|Sales|Counter|Sales|Sales|Sales|Sales|Counter|Sales|Sales|Sales|Sales|Sales|Sales|Counter|Sales|Sales|Sales|Sales|Sales|Sales|Sales|Sales|Sales|Sales|Counter|Sales
174, CRM,, Customer relationship| Automobile| Proposal preparation| CRM strategy| Architecture| Database| Testing
175, Magento Developer,, Unix| Version control| Prototype| XML| MySQL| PHP| JSON| MVC| Ajax| CSS3
176, Merchandiser,, Merchandising| Buyer Activities| Follow Ups| Vendor| purchase| vendor development| tracking
177, SIEM Analyst,,vide
178, Hiring ll Azure Devops and Management Lead ll Hyderabad,, C#| Azure| Powershell| Script Writing| API| Debugging| Devops| Application Integration
179, Senior Faculty - Information Design,,vide
180, computer operator,, Computer Operator| MS Office| Software services| Comm| Typing speed| WHO| Software| level
181, Operation Executive,, operations management| mobilization| Resource Mobilization| general management| interview| Recruitment
182, Customer Support Executive,, Customer Support Executive| Customer service| Business Executive| process
183, Corporate-Day Care Manager.,, Staff Training| Day Care| Recruitment
184, Hiring going on for .US Inbound Tech Support/ Sales,, process| Spot| Technical support| Night shift| International BPO
185,Deputy Manager- Performance/digital Marketing,,digital marketing|email marketing|adwords|display advertising|digital campaigns|google analytics|sem|seo
186," Technical Lead -(VoIP,Cisco Call Manager)",, java| cisco call manager| visa| j2ee| sip| offshore| communication skills
187,,,vide
188, Relationship Manager,, Sales| Business Development| Change Management| Mobile| mobiles| handset| mobile handset| Marketing| Relationship Management| Distribution Management| channel management| dealer management| Retailer
189," Technician, Technical Support",, International Call Center| Technical Support| Maintenance| Communication Skills| PC Hardware| Technician Activities| Social Media| Analytical Ability| Soft Skills| Customer Satisfaction
190, Graphic Designer,, Illustrator| Corel Draw| Photoshop
191, Consultant,, Manual testing| Informatica| microsoft| Process automation| System testing| PDF| Artificial Intelligence| Regression testing| Silicon| Analytics
192, Immediate Requirement for Fusion Technical Lead Developer,, Technical Architecture| Fusion| Oracle Fusion
193, Layout Designer / Web Designer,, Layout design| Corel Draw| Web designing| Photoshop
194, International BPO- Mahindra- Meru- TATA SKY- Paddle Point-pepperfry-hc,, Bpo Voice| Voice Process| International BPO
195, Asp.net with Angular JS & Html5 - Hyderabad,, HTML5| ASP
196, Sales Manager Product and Portfolio,, Product training| Sales| Relationship| Banking| Recruitment
197, Key Accounts Manager,, Customer profitability| Receivable management| Education| Relationship building| Transportation| Service| Monitoring| Key accounts
198, Store Head-leading Manufacturing Company,, Stores| warehouse| Logistics
199, BPO Inbound Voice Tech Process - Customer Service Inbound Voice - Appl,, BPO| Outbound| English| Email| Inbound calls| Customer service| Troubleshooting| Technical support| Recruitment| Comp
200, Java Software Engineer,, Linux| Agile| Python| Computer science| Coding| Fixed income| Machine learning| Asset management| JIRA| Financial services
201, Admin Executive,, English| MS Office| admin executive| Billing| Stock inventory| Writing| Office management| Management| Business Executive| Application
202, Agm Finance for Automobile Company in Kolkata . Salary:7 Lpa,, Credit Officers| Risk Management| Administration| Report Generation| Analysts| analytical skills
203, Accounts Manager (male),, Balance Sheet Finalisation| service tax| bank reconciliation| gst| income tax| taxation| financial auditing| finance| tax audit
204, Opening for French Specialist Accounts Payable,, accounts payable| accounting| AP
205, Applications Analyst OEE,, Change management| Healthcare| Analyst| Business Analyst| Social media| Problem management| Software development life cycle| Scheduling| OEE
206, Customer Service Engineer - - ICD Security Solutions,, Copyright| Customer Service Representative| CV| Customer service| Security| Troubleshooting| CCTV
207, Urgently Required Senior PHP Developer(laravel) || Gurgaon ,, CSS| jQuery| MySQL| Javascript| HTML| Web Development| Laravel| Codeigniter
208, Associate Process Consultant,, Networking| Telecom| LAN| WAN| Bss| VPN| Wireless| Telecommunication| Costing| Visio
209, Infrastructure management- Lecturer,, Teaching| Educator| Counselor| Mentor| Trainer| Advisor
210, Finance Admin,, Business communication| Analytical skills| Business objects| Team management| management| Transition management| Trend analysis| Variance analysis| Analytics
211, Guest Relations Executive,, Usage| PDF| C| Social media| Cash handling| Database| Customer service| Merchandising| Advertising
212, Salesforce System Architect,, salesforce| salesforce.com| system design| application architecture
213,,,vide
214,System Monitoring Tools & Techniques Professional,,Execution|Project Management|AO engagement|Monitoring Tools|Delivery Management|Stakeholder Management|System Monitoring
215, HR Recruiter,, Recruitment| Hiring| HR| Screening| Interviewing| Staffing
216, Business Development Manager (eCommerce),, bca| cold calling| bidding| academic| customer service| documentation| selling| web development| seo| mba
217, Java Developer - Spring/ Hibernate,, Java| Webservices| Spring| Hibernate| System Design| ESB| SQL| Spring Boot| Javascript
218, Python Developer,, Debugging| Troubleshooting| Python| Interpersonal skills| OOPS| Programming| developer
219, Sales And Marketing/Business Development manager,, Direct sales| Cold calling| English| Networking| Business Development Manager| Customer interfacing| Data collection| Service| Digital marketing| WHO
220, Microsoft Developer,, build automation| Entity framework| MVC| microsoft| SQL
221, Customer Service Executive (Adeeba Group) for Tech Support/ Sales,, Technical support| Outbound| Troubleshooting| RecruitmentEnglish| Antivirus| Comp| Customer Service Executive| Domestic BPO
222, Inbound Technical Support With Attractive Salary Package,, Outbound| Medical| Technical support| Technical Support Associate| Email| Sales| US shift| Antivirus| Troubleshooting| Comp
223," Placement Officer,",, HR| Human Resource Management| Placement Coordination| recruitment executive| recruitment officer
224, Walk-in Interviews For Sr.executive - Procurement on 5th July,, Strategic Sourcing| procurement| supply chain management| Packaging| Vendor Management
225,Urgent Opening Automation Test Engineer 2-5yrs-bellandur Bangalore,,Test Engineering
226, Senior TSA Inbound Tech Process,, Outbound| Technical Support Associate| Sales process| process| Senior| Technical| US shift| Technical support| International BPO
227, Freelance Corporate Trainer on Taleo,, Corporate Training| corporate trainer| technical trainer
228, Senior Java Developer- Urgently Required by Mumbai IT Company,, java| mongodb| Hibernate| spring| jms
229, Manager Procurement,, Procurement| Supply chain management| Automation| Copyright| Chain| Purchase| Head Operations| Steel| Business Executive
230, Senior Software Engineer - UI Development - Javascript/angularjs,, software development life cycle| css| html5| ui development| design patterns| svn| software engineering| angularjs| javascript
231, Telle Caller,, good communication skill| good speeking manners| ability to face strangers| punctual| gopod efficiency
232, Documentation Executive,, e - tendering| Tender Preparation| bid preparation| proposal preparation
233, Restaurant Cashier,, Cash Handling| Cashier Activities| Day Book| Cashier| Restaurant| CSAT
234," Opening For Dot Net Developer @ Baner, Pune",, C#| .Net| Asp.net
235, Management Trainee,, Excel| Sales| Conflict resolution| Analytical| Management Trainee| Power point presentation| MS Office
236, Junior Company Secretary,, Manual testing| Eclipse| Coding| Scrum| Enterprise applications| Healthcare| JIRA| Android SDK| test driven development| Business Analyst
237, Production Manager,, Production Management| production control| production planning| Production Manager| Planning| Production Support| Organizing
238, Have Confidence to Convince Customer Then Join Adeeba (Inbound Voice),, Outbound| Medical| Technical support| Technical Support Associate| Email| Technical| US shift| Antivirus| Troubleshooting| Comp
239, Business Transformation Consultant,, project management| management consulting| business transformation| strategy consulting| change management| sales strategy| top management
240, Content Editor,, Digital media| PHP| Recruitment| Bengali| LMS| Business administration| Content Editor| Journalism| Literature| Administration
241, Graphics Hardware Engineer,, Graphics| Simulation| Power management| Electronics| Hardware| Research| System analysis| Electricals
242, Visual Designer,, Motion Graphics| Infographics| Illustrator| animations| infographics| Corel draw| Photoshop| CorelDRAW| Visual Designer
243, Web Designer,, Illustrator| Web designing| Photoshop| CSS| Web technologies| XML| Intranet| Business Executive
244, ACCOUNTS EXECUTIVES,, Tally| Retail| Accounts Executive| Retail Executive
245, Finance & Accounting Associates,, Financial reporting| Due diligence| Data analysis| Accounting| International finance| Banking
246, DEALER - RETAIL BROKING,, NSE| Lead generation| Compliance| Relationship| Equity| Client acquisition| Research| Revenue generation| Monitoring| HNI client handling
247, SENIOR SOFTWARE DEVELOPER (MVC .NET),, MySQL| Javascript| UML| server| css| Technical writing| html5| bootstrap| microsoft| Technical support| sql| cloud| ui| web| design| asp.net| mvc| api| architecture| level| Visual Studio| quality| MS SQL| infrastructure| .net| agile| angularjs| aws
248, Client Relationship Partner,, MIS reporting| Trade| Operational risk| Banking| Relationship| Client relationship| Saving
249," Sales Manger Opening In An E-commerce Industry- (mumbai, Pune)",, sales strategy| sales management| B2B Sales| corporate sales| institutional sales
250, Dot Net Developer,, soa| sql| relationship management| server| software| jquery| service oriented architectures| quality systems| software implementation| computer science| sql server 2008| design
251, Lead Business Systems Analyst,, Analyst
252, Sr. Manager- Art in Mumbai || Opportunity @ Client side,, Art Director
253, Hiring for Domestic/ International Processes.contact the HR Asap,, fresher| icse| inbound process| outbound| international bpo| uk process| bcom| communication skills| back office| cbse| web chat| chat process| Aviation| Guest Relations| Public Speaking| PR
254, Sr . Manager,, Automobile| Warehouse| Problem management| Manager Operations
255, Manager Learning & Development,,vide
256, Urgent Requirement for CCE Telesales for Night Shift.,, Outbound| Telesales| Night shift| English| process| Technical| Inbound calls| Service| Printers| Business Executive
257, Vancancy for Inbound Tech Sales Executive,, Outbound| Service| Technical support| process| Inbound calls| Domestic BPO| Bonus| Business Executive| Comp
258, Infrastructure SSO Architect- Looking For Early Joiners,, single sign - on| single sign on| IT Infrastructure| SSO
259, Sr. Architect / Project Position: Sr. Architect / Project,, layout| coordinating| material selection| ms| mep| photoshop| corel draw| co| monitoring| plumbing
260,Nosql (couchdb/redis/bigtable/dynamodb),,coding|database design|test cases|analytical|nosql|cassandra
261, Immidate Opening for Voice & Accent Trainer @ Vee Technologies,, accent| auditing| soft skills| training needs| customer service| process compliance
262, Walk- in | Hdfc Life | We are Hiring Freshers:5th till 20th Aug@ Delhi,, Sales| Fresher| Marketing
263, AIT Global India Private Limited is Looking For JAVA Developer.,, Java EE| Hibernate| Core Java| Software Development| Spring Mvc| Multithreading| OOD| JDBC| Spring Boot| JSF
264," Cloud Engineer Cloud Based IT MNC In Gurgaon , salary 7 - 8 LPA",, Virtualization| Cloud computing| Server architecture| Windows Troubleshooting| Customer satisfaction| Manager Technology| Deployment| Management
265, Relationship Manager - Bangalore,, business development| sales| sales marketing| marketing executive| sales executive| sales officer| sales manager| area sales manager| territory sales manager| territory manager| area manager| regional manager| regional sales manager| regional business manager
266, Territory Sales Manager-Passive Networking-Mumbai/Bangalore/Hyderabad,, Sales| Sale| Networking Sales| It Solution Sales| Structured Cabling| Passive Networking| Data Center| Cable Tray| cabling| Data Center Rack| data - centre rack| LAN| UTP Cables
267, Business Development Manager,, marketing executive| distributors| customer profiling| sales strategy| market research| Business Development| sales executive
268, Senior Manager-fundraising,, fundraising| finance
269, Bulk Hiring Travel Sales Consultants US /UK Shifts Call ASAP,, worldspan| travel sales consultants| galileo| amadeus| gds
270, UI Developer (Frontend Developer),, Front end| Email| PDF| MIN| UI| phone| Strategic HR| Doc| Consultancy| Recruitment
271, Netsuite Technical Consultant,, CVS| ERP| Rest| middle east| Technical| Customization| E-commerce| CRM| Open| WHO
272,"Java Full Stack – Technical Lead, Senior Engineer",,Java|Angular JS|Hibernate|Core Java|Technical Leader|Technical|Javascript|Spring|JQuery|JS framework
273, ADM - External Affairs &amp; CSR - Bangalore,, senior management| ngo| key skills| Corporate Social Responsibility| Govt Liasioning| corporate pr| External Communications
274, Immediate Opening Asp.net MVC Developers For Mumbai (worli),, Asp.Net MVC| entity framework| API
275, Home loan,, Loans| Direct Sales Associate| Policies| Bfsi| Finance| Sanction| WHO
276," Sr. Resident, General & Laparoscopic Surgery",, Monitoring| Senior Resident| RAM| DNB| Dmc
277, Angular Developer - Fulcrum Digital,, Angularjs| CSS| Responsive Web Design| Javascript| Bootstrap| HTML| JSON| JQuery| Web Development| Grunt
278,,,networking|Network|Lead|Network|Lead|Network|Network|Lead|Network|networking|Lead|Leading|Network|Lead|Network|Lead|Network|Leading|Lead|Network|Network|Lead|Network|Lead|lead|Lead|Network|Network|Lead|Network|Network|Network|Lead|Networking|Lead|Lead|Network|Lead|Networking|Lead|Lead|Network|Network|Lead|Network|Networking|Lead|Lead|Lead|Lead|Network|Network|Lead
279, Devops Engineer - Tools & Automation,, python| open source| database| Automation| java| linux| perl| Monitoring| nosql
280, Great Opportunity To join top MNCs in Kolkata! Grab them While it last,, PR| international bpo| chat process| Aviation| back office| web chat| Guest Relations| Public Speaking| bcom| fresher| inbound process| outbound| uk process| icse| communication skills| cbse
281, QA Functional Testing,, QA| Functional testing
282, Sales Engineer,, Sales Engineering
283,Software Engineer - Unity Developer,,Design Development|Software Engineering|Lighting|Computer Science|Product Quality|Automation Testing|Asset Management|GUI|Object Oriented Programming|Android
284, Associate Level 1 - Fund Accounting,, NAV calculation| Fund accounting| Automation| Corporate actions| Accounting| Process improvement| Analytical| Reconciliation| Standard operating procedures| Subject Matter Expert
285, Associate Principal Analyst - Network Security Research,, Networking| Secondary research| Recruitment| Analyst| Network security| Research| IPS| Advisory| Firewall
286, Training Specialist,, Team Management| Training Need Analysis| sales training| Retail Sales| MS Office| Product Training| Training| Team Building| Skill Development| Retail Marketing| trainer| Regional Management| Competency Mapping| Training Delivery
287, Urgent Opening For Field Recruiter ,, hiring| HRIS| procurement| HR| sourcing| Recruitment| staffing
288, JAVA Developer,, Computer science| Continuous improvement
289, Urgent Openings For Pharma Freshers,, pharmaceutical| medical| Pharma| medical billing| healthcare
290, Front End Developer - Wordpress/html/css/javascript,, CSS| Wordpress| MySQL| Javascript| PHP| HTML| JQuery| SEO| Ajax| Hosting
291,Mechanical Maintenance – Btech / Diploma,,mechanical operation|preventive maintenance|mechanical|engineeringbreak down maintenance|mechanical maintenance
292, PHP Developer,, javascript| html| ajax| jquery| php mysql| smarty| api| analytical| third party| software development life cycle
293,Sr.consultant-power Distribution,,Renewable energy|Power distribution|Power sector|Banking|Electricals
294," Chinese, Spanish Language Expert (proofcheck Medical Content),",, spanish language expert| chinese| spanish| medical
295, Hiring for Tech Sales_Inbound UK/ US Voice Process,, Sales Associate| support| Voice process| Issue| Senior| Technical| Inbound calls| Bonus| US shift| Software
296, SUPPORT Engineers (FEMALE CANDIDATES),, MCSE| Database| Support Engineer
297, MS SQL Developer : 0 - 2 Years (only MALE Candidates),, SSRS| SQL Server| Stored Procedures| SQL Development| MS SQL
298, Machine Learning Engineer || Gurgaon/chandigarh Location,, GIT| Linux| Machine Learning| Python
299, Nurses,, GNM| Business Executive
300, Marketing Executive,, institutions| relationships| marketing executive| customer| customers| implementation| company| site| product
301,HR Recruiter (volume Hiring),,Recruitment|Volume Hiring|HR|BPO Hiring|Sourcing|Interviewing|Onboarding|Staffing|Orientation|Human Resource Management
302, Java Full Stack Developer,, Java| CSS| Rest| Spring Mvc| Javascript| HTML| JPA| Spring Boot| JQuery| Web Services
303, GM Finance- Export Import Company,, financial analysis| financial planning| taxation| VP Finance
304, Content Writer,, Publishing| SEO| Content management| Social media| Wordpress| Management systems| Research| Brand awareness| Web technologies| Journalism
305, Job Opening for Sm/avp_credit Audit_mumbai,, Auditing| Audit Planning| Risk Assessment| Banking| Credit Risk| Credit Policy
306, iOS Game Developer,, c++| development| gaming| C| software| HTML| ios| opengl| iphone| design| MySQL| JavaScript
307, Hiring: Executive-business Developer(seller Acquisition) On Contract,, business development| e - commerce| sales executive| sales associate| sales officer| sales| field sales| mba fresher| fresher| new product development| channel sales
308, Java/j2ee Application Developer,, rest| java| sql| oop| angularjs| ui development| oracle
309," Accepting Application for Intership for Java, PHP, Web Design, Android",, Javascript| PHP| HTML| Visualization| jQuery| web| Programming| Commerce| Web designing| Application| Android
310, Automation-Expert-Senior-Automation-Expert,, Process automation| Commodity Markets| Artificial Intelligence| Market intelligence| Machine learning| Corporate| Relationship| Operations| Analytics| Robotics
311, Product Manager- Marketing(consumer Durables),, IT Sales| Marketing Campaigns| Social Media| Btl| Marketing Management| Digital Marketing| Dealer Sales| Channel Partners| Communication Skills| Process Flow
312, Embedded Android Engineer,, Android| Troubleshooting| Middleware| Firmware| SOC| Linux kernel| Bluetooth| Computer science| Test scripts| Test strategy
313, Inbound International BPO Voice Process-US Shift,, Outbound| Antivirus| Technical support| Voice process| Technical Support Executive| US shift| Inbound voice process| Customer Service Executive| Comp| International BPO
314, Jr. Support Executives,,vide
315, Sales Executive,, Sales Executive| Cold calling| market research| customer profiling| sales executive| marketing executive| distributors| Business Development| sales strategy
316, Recruitment Officer ,, Administration| HR| Recruitment| Recruitment Executive| IR
317, Senior Principal Software Engineer,, Web development| Analytics| Healthcare| Software design| Monitoring| JIRA| Computer science| Backend| Inside sales| Cloud
318, Senior Branch Sales & Development Head - Agency - General Insurance,, Team Management| Advisory Services| General Insurance| Sales Initiatives| Financial Products| Distributor Sales| Branch Sales| Sales Development| Motor Insurance| Marketing
319, Pharma/nutrition Sales Profile Opening with Hexagon Nutrition,, clinical pharmacy| mr| sales officer| territory executive| business development| sales executive
320, Urgent job Position For SAP MDG Functional Analyst- All Over India,,vide
321, Manager / Asst. Manager - Vendor Development ( Purchase ) - Gurgaon,, sap| procurement| scm| material| sheetmetal| sheet metal| purchase| VD| vendor development| sourcing| BOP
322, Java with AngularJS and Spring,, Angularjs| CSS| Core Java| DOM| Computer Science| Javascript| HTML| Spring| Ajax
323, Manager- Admission,, data analysis| Admissions| placements| Help Desk| access controls| Asset Management
324, Full Time Academic Writer for Ca/cma- Accounting & Taxation,, academic research| accounting| taxation| ifrs| us gaap| international taxation| cost accounting| company secretary| auditing| company law| corporate law| icwa| cma
325, Sales Head for It Consulting Company in Gurgaon,, marketing| bdm| sales| business development| it sales| ncr| hardware sales
326, Adeeba Group is Currently hiring for US Inbound Tech Process.,, Outbound| Night shift| Service| English| process| Technical| Technical support| Inbound calls| Voice process| Group
327, Mechanical Engineer Require For Shut Down,, RT| PT| MPI| NDT Inspection| NDT Level| Diploma| Quality Inspection| Level Ii| Inspection Engineering| Mechanical Engineering| UT
328, CARE Specialist,, Customer service| Healthcare| Customer relationship| Windows| Graphic designing| CAD| Illustrator| Customer satisfaction| Application software
329, Opening For Fresher,, BPO| any graduate| Voice Process| Voice Support
330, Technical Support Associate / Technical Sales Associate-Inbound Voice ,, Outbound| Antivirus| Comp| Technical support| Technical Support Associate| technical sales associate| Sales| Technical Associate| Voice support| Inbound calls
331, Head of Maintenance,, Equipment Maintenance| Hydraulics| Inventory Management| Management Skills| Maintenance Head| Electricals
332," Tcs Hiring For Support Analyst - Bigdata(apache Hadoop,aws Certified)",, hive| apache| itil process| hadoop| big data| aws| core java
333, Job Opening For Corporate Sales (insurance Broking) Mumbai/ Bangalore,, motor insurance| insurance sales| insurance broking| general insurance
334,Spring Boot,,SQL|Hibernate|Multithreading|OOAD|Eclipse|Business process|Outsourcing|Version control|Memory management|Control system
335, Sr. Engineer Design (Mechanical),, CATIA| AutoCAD| Pressure vessels| Mechanical| Primavera| PSCAD
336, Senior Manager Cost & Program Management,, Team Management| Project Execution| Program Management| Customer Experience| Data Analytics| Supply Chain| Operations Planning
337, Manager Sales Commercial Segment,, business development management| Sales Management
338, Outbound Sales Executive,, Outbound Sales| tele sales| Sales Executive Activities
339, US Tech Process,, Technical support| Outbound| Comp| Technical| Domestic BPO| US shift| process| Inbound calls| Bonus
340," Community Manager,",, Operations| Inventory Management| Vendor Management| Bhm| Hospitality| Front Office| Guest Relations| Hospitality Management| hotel management
341, Software Engineer- Mobile Applications - Android,, financial s| windows| android| mobile development
342, Hardware Board Design Engineer,, Hardware Board Design| Mixed Signal| Design Engineering
343, Corporate Head - Operations,, environment| functional| operations| business| verbal communication| coaching| analytical skills
344, HR Recruitment Executive,, Screening| Linkedin| IT Recruitment| hr recruitment| Database| recruiter| Sourcing| Interviewing| Recruitment
345, Software Engineer Android,, java| linux| server| development| eclipse ide| c| technical| mobile| eclipse| objective c| usability| ui| design| debugging| backend| developer| programming| applications
346, Sales Coordinator,, Retail Sales| Sales Executive Activities| Revenue Generation| Inhouse Sales
347, Ecommerce Executive,, BPO| Customer Support| international bpo| Voice Process| International Voice| International Voice Process
348, Team Lead / Dev Lead,, J2Ee| Core Java| jQuery| ERP| Tomcat| Eclipse| Open source| Selenium| Computer science| OFBIZ
349, Andriod Developer,, Android Development| Android Studio| Java| Troubleshooting| API Testing| API
350, Physics Teacher,, Counselor| Mentor| Trainer| Advisor| Teaching
351, Manager Sales &amp; Marketing,, lead generation| branding| business development| Sales Management| market research| competitive intelligence| market analysis| Marketing
352, Design Engineer,, Wireless| Automation| Simulation| Networking| Aerospace| FPGA| Coding| System verilog| Automotive| Physical design
353, VERY Urgent Opening for IT Recruiter & Non IT Recruiter !! Apply NOW ,, hr| recruitment| recruiter| hiring| head hunting| leadership| mass hiring| volume hiring| bulk hiring| team leader| senior| tl| non it| it recruitment| technical hiring| it recruiter| bfsi| engineering| manufacturing| insurance| bpo| IT
354, Associate,, Associate
355, Receptionist (Female),, Receptionist| Administration| Front Desk| Travel Arrangements| Front Office| Computer Operating
356, Senior .NET Developer,, javascript| html| sql server| ajax| jquery| soa| oop| english| proactive| asp net c
357, Sales Manager : School & Higher Academic Books,, marketing executive| Sales| distributors| customer profiling| sales strategy| market research| Business Development| sales executive
358, Supply Chain - Import Export Executive,, QMS| Impex| Environmental Management System| Warehouse Management System| Export Import Logistics
359, Walk-in Drive for Java Dev/sr. Dev on 29th June at Delhi,, Java| core java| J2EE| Hibernate| Spring| LDAP| ADFS| Json| SOAP| jQuery| REST| Javascript| Java Web Services| Java Api| Advanced Java| MVC| Web Services| Open Source| SOA| Cloud| spring integration
360, Hiring for Spring Boot Developer-noida,, spring boot| spring security| spring mvc
361, Dynamic CRM Architect,, Dynamics CRM| .Net| Azure| Visual Studio| Microsoft Dynamics| Solution Management| Root Cause| microservices| .NET development
362, SE / SSE - DATA,,vide
363, Hiring for Accounts Manager (business Development)- Radio In,, Marketing Strategy| Strategic Thinking| Interpersonal Communication| Sales| Promotions| Accounting| Account Management| Team Leading| Business Development Management| Advertising
364,Urgent Openings for O2C,,O2C|OTC|Order Management|Credit Management|Communication Skills
365, ARCHITECTURAL CAD,, visualization| m e p| modeling| drafting| design development| drawings| cad| preparation| quality
366," HCL Tech Hiring ""physical Design Engineers"" for VLSI R&D Division",, pnr| primetime| sta| floorplan| timing closure| synthesis| vlsi| Physical design| floor planning
367, Assistant Manager Purchase,, Assistant Manager Purchase
368, Sr. Cloud Developer,, SQL| Python| Analytics| Machine learning| Solution architecture| Analytical| SCALA| Cosmos| Programming| Data warehousing
369, Hiring for Manager Quality ( Voice and Chat),, BPO| Transactional Quality| Quality Management| Quality manager| manager Quality
370," South Indian Cook,",,vide
371, Sharepoint Support Engineer,, IIS| Exchange Server| Windows Server| WSS| Sharepoint| Active Directory
372, Asst Sales Manager_ API_ Chemical Distribution_ Mumbai,, pharma chemicals| business development| api| intermediates| sales
373, Java- Technical Lead- Tavant Technologies - Hyderabad,, Hibernate| Design Patterns| Cloud| Spring Boot| Team Leader| core java| Web Services| Microservices
374, Hiring For Oracle Apps DBA@ Hyderabad,, Exadata| performance tuning| 11g| patching| sql| dataguard| rac| cassandra| oracle database| Weblogic| ebs| asm| apps dba| cloning
375, Walk in For Pharmacist @ 1mg Technologies || Gurugram Sec 14,, hospital| pharma| pharmacy
376," Agency Manager || Life Insurance ||ahmedabad , Bhopal , Vadodara",, Sales| insurance sales| agency sales| Direct sales| life advisor| channel sales| life insurance advisor| life insurance| agency
377, HR Trainer,, Training Needs| Soft Skills| Accent| HR| Feedback| Coaching| Customer Service| Process Compliance
378, Project Manager For Civil Work,, Real Estate Construction| Project Management| Interpersonal Communication| Communication Skills| Project Manager| Project Coordinator| site coordinator
379, Vacancy For Motion Graphic Artist,, Graphics| Multimedia| Visualization| Infographics| Social Media| Adobe After Effects| Protools| Photoshop| Graphic Designing| English Language
380, Business Associate,, international bpo| Chat Process| voice based process| tele caller| process developer| Sales| b.a| exl| communication skills| Ba| Blended Process| bba| wipro| tcs| bbm| customer support| bcom| cse| accenture| Fresher| wns
381, Project Support Officer/Administrator,, project support| Banking| Maya| E-commerce| big data
382," Immediate Requirement For Officer - IT @ Vibgyor High, Electronic City",, Networking| It Asset| Antivirus| Hardware Troubleshooting
383, Procurement - MDM,, Procurement| Business process| IT services| Automation| data services| Master data management| Consulting| Vendor| Troubleshooting| Business Executive
384, If You're an Experienced in International Tech Sales Then Call Us / In,, Recruitment| Outbound| Technical support| English| Comp| Email| Troubleshooting| Domestic BPO| International BPO| Inbound calls
385, Senior Game Artist,, Photoshop| Illustrator| Fine arts| Software design| User interface designing| game development| creative content| Supervision| Relationship Executive| Business Executive
386, Manager (PR),, marketing| project management| PR| project planning
387, Senior Engineer Project,, Leadership training| Software development life cycle| Management
388, PERL Developer,, Python| Six Sigma| PMP| .NET| HTML| JavaScript| SQL| Oracle| assembly language| Real Time Operating Systems
389," SME Techincal Supervisor_ Red Hat, Fuse, Apache, Camel_magarpatta",, apache camel| Administration| Technical Support| redhat| Activemq
390, Wire Industry,, customer profiling| market research| sales executive| marketing executive| distributors| sales strategy| Business Development
391, Manager Brand Marketing,, customer segmentation| Brand management| Strategic partnerships| Brand marketing| Consumer insights| Performance appraisal| Operations| Promotional strategies| Marketing strategy| Recruitment
392, Oracle Fusion Apps_manufacturing_any Location,, Negotiation| Marine Operation| Oracle Fusion| Manufacturing| Inventory
393, VP / Sr.vp Fire,, Fire Safety| fire| Senior Management
394, Data Science Engineer,, Unix| data science| SQL| Linux| SAS| HTML| Perl| SDLC| Android| Python
395,Executive - Lab Instruments Maintenance,,Installation|Breakdown Maintenance|Preventive Maintenance
396, Immediate job Opportunity For Printer Engineer in Mumbai - Vashi,, dot matrix| printer| printer support| Laserjet| Hardware
397, When you need a Roof you need a job. Come work with us,, Outbound| Technical Support Associate| Email| Technical| US shift| Medical| Antivirus| Troubleshooting| Technical support| Comp
398, Senior Data Analyst,, Reporting| Data Analysis| Business Analytics| Data Analytics| kpo
399," Java / J2EE, Web Services also experienced in AngularJS",, HTML| XML| Ajax| rest| Prototype| technical| developing| JSON| application architecture| SDLC| javascript| jQuery| Web services| java| application| web| design| Web designing| architecture| applications
400, Senior US IT Recruiter / Senior US Recruiter,, us it recruiter| us it recruitment| us it staffing| us staffing| us technical recruiter| us recruitment
401, Service Engineer - Bhiwadi,, service engineering| maintenance| breakdown| shutdown| amc| installation| repair| troubleshooting| field service engineer| Preventive Maintenance| breakdown maintenance| Field Engineer| Electrical Engineer
402, Sales Manager,, enterprise sales| relationship building| new business| sales strategy| B2B Sales| marketing management| cross selling| product marketing| consultative sales| b2b marketing| service sales| Corporate Sales| Key Accounts Manager
403, Accounts Executive For 1-2 Years Experience,, accounts executive| Accounting| accounts| finance
404, Inbound Tour Manager,, inbound| costing| selling| good communication| good communication skills| tickets| tour| experience| manager| packages
405, Swimming Pool Technician,, Monthly Reports| Maintenance| Technician Activities| Water Quality
406,Data Science Manager,,kaggle|NLP|data science|Artificial Intelligence|Natural Language Processing|analytical techniques|Text Mining|big data|machine learning|Deep Learning
407, Associate Vice President - Talent Acquisition - Campus Hiring Program,, Talent Acquisition| Recruitment| HR| Campus Hiring| recruitment| recruiting
408, Governance & Performance-Performance Management-Professors,, Counselor| Mentor| Trainer| Advisor| Teaching
409," Manager Sales / Area Manager (tiles, Bath Fitting,paints)",, project sales| Architects| Sales Operations| Sales Management| distributor| interior designers| Area Management| contractors| Area| Developers| consultants| dealer| territory management| Sales Manager
410, Operations - SME / Retail,, Retail| marketing executive| distributors| customer profiling| sales strategy| SME| market research| Business Development| Operations| sales executive
411, Assistant Manager - HR Operations,,vide
412, Sr. Sales / Sales Executive,, Manager Sales| Sales Manager| assistant sales manager| MICE| Travel Agent| Senior Sales Executive| senior sales officer| Corporate Sales| Hotel Sales| Room Sales| Sales Executive
413, Senior Business Analyst - Sql/python,, data analysis| vba| macros| advanced excel| oracle sql| google analytics| business analysis| python| data mining| business analyst
414," .NET Developer (asp.net, MVC, C#)",, C#| CSS| XML| Asp Net| Javascript| Web Application| MS SQL Server| .Net| MVC| ASP.Net MVC| JQuery| Ajax
415, Head- Land Management.,, land acquisition
416, Sr. Business Analyst,, Java| Tomcat| Eclipse| OOPS| HTML| UNIX| SQL| DB2| Weblogic| XML| Flex| Oracle| PL
417, CNC Machine Operator,, cnc| cnc operator| cnc maintenance| cnc programming
418, Executive,, Medical Representative| Senior Executive
419, Presales Manager - Networking,, Sales Engineer| solution architect| Presales| solution consultant| Technology Consultant
420, Inside Sales Executive,, Inside Sales| Lead Generation| Cold Calling| New Business| Customer Service| Proposal Writing| Follow Ups| Sales Executive Activities| Communication Skills| Convincing Power
421, Customer Care Executive,, Customer Care| Inbound Process| Night Shift| Customer Care Executive| Customer Care Officer| BPO| Domestic BPO| International BPO
422, HR - Talent scout specialist,, Performance management| Analytical| Design development| Conceptualization| HR| Continuous improvement| Sales support| Recruitment| Testing
423, Sr. Sales Manager,, Service delivery| Bfsi| enterprise mobility| Market intelligence| Tools| Application development| Sales process| microsoft| Middleware| Business Executive
424, Laundry Executive,, laundry
425, Accounts executive,, TDS| Financial statements| Invoice processing| business opportunity| Interpersonal skills| Tally ERP| Accounting| Analytical| Accounts receivable| Recruitment
426, MBA HR - Experience,, ERP| Succession Planning| MIS| Reports| Talent Management| Human Resources| HR Policies| Recruitment| Talent Acquisition
427, System Analyst,, T-SQL| Web technologies| data manipulation| MIS| XML| Data structures| System Analyst| JSON| Scripting
428, Account Assistance,, Audit| Credit Officers| Internal audit| Accounting| Finance| Tax| Accounts| Risk Management
429, Senior Embedded Engineer,, gsm| ethernet| development| optimization| product development| troubleshooting| gps| lcd| embedded| spi
430, Urgent Opening For Asst. Manager-it Infrastructure - Mumbai,, Fortigate| Networking| Routing| Hyper - V| Dlp| Sophos| Windows| Virtualization| Switching| Firewall
431, Java Developer,, Java| Spring Boot| Web Services| Microservices
432, Sr. Software Engineer Android/Hybrid,, SQL| Android| jQuery| UML| Coding| Graphics| JSON| Test cases| System testing| SQLite
433, Principal Engineer-Piping,, HVAC| Architecture| Project management| CAD| thermal| Conceptualization| Instrumentation| Autodesk| Food processing| Project delivery
434, Business Analyst - Structured Finance,, electronic trading| structured finance| dcf| equity research| bloomberg| investment banking| business analysis| bonds| valuation| advanced excel| hedge fund| financial modelling| structured products| fixed income
435,Solution Architecting,,Product management|Analytical skills|software architecture|Prototype|Business analysis|Manager Technology|Outsourcing|Resource management|Operations|Solution architecting
436, Sales / Business Development,, Sales Head| Hospitality| Office automation| Residential sales| Sales strategy| Bfsi| management| Real estate sales| Flex| Executive search
437," Medical Coding Job(fresher Ug/pg) Pharm,lifescience,be(biotech&biomed)",, biotechnology| microbiology| nursing| biomedical| medical coding| medical coder| pharmacy| life sciences
438, Consultant,, Com| Application support| Email| SAP IS-Utilities| level| Billing| change| Service| CRM| Entry level
439, Network & Security Architect- Pune,, Network
440, Business Development Manager,, ERP| RF| Action plan| Relationship| Software sales| Business planning| B2B Sales| RFQ| RFP| CRM
441, Assistant Vice President - Stock Broking - Delhi,, Equity| Currency| Mutual Funds| Commodities| Stock Broking| New Client Acquisition| Business Generation| Channel Distribution| Team Management| team handling| sales
442,,,Java|Trainer|Java|trainer|Trainer|java|Trainer|Java|Trainer|Java|Trainer|Java|Trainer|Java|Trainer|Java|Trainer|Java|Trainer|Java|Trainer|Java|Trainer|Java|Trainer|JAVA|TRAINER|JAVA|TRAINER|Java|Trainer|Java|Trainer|Java|Trainer|trainer|Trainer|Trainer|Java|Trainer|Java|Trainer|Trainer|Java|Java|Trainer|Java|Trainer|Java|Trainer|JAVA|TRAINER|Java|Trainer|Java|Trainer|Trainer|Trainer|Trainer|Trainer|Trainer|Trainer|Trainer|Java|Java|Java|trainer|Java|Java|Java|Trainer|JAVA|Java|Java|Trainer|Java
443, Production Manager in Press Shop & Projection Welding,, Production Management| Weld Shop| Press Shop| pressing| sheetmetal
444, salesfoce Developer +3Years / Mumbai,, Salesforce Developer| sfdc developer| Salesforce
445, Social Media Executive,, website| facebook| online| Twitter| seo| internet| search engine optimisation
446, Business Advisor,,vide
447," IT Recruiter, Technical Recruiter",, head hunting| talent acquisition| Recruitment Executive| it recruitment| screening| technical recruitment| hiring| recruitment consultant| recruitment| sourcing| excel powerpoint| staffing
448, SAP PLM Consultant - SAP MM Module,, SAP PLM| SAP MM| SAP EHS
449, Python Manager - IIT/ IIM/ DSE/ ISI,, Microstrategy| Business Intelligence| Cognos| Business Objects| Tableau| AWS| Python| SQL
450, Marketing Manager - Activation - Iit/nit,, Marketing| Event Management| Brand Management
451, Hiring .Net Developers for Hyderabad Location,, asp.net| ado.net| MVC
452, Senior BI Cognos Developer,, SQL| Oracle| Cognos| Business intelligence| Automotive| Supply chain| DBMSTools| metadata
453, Technical Support Engineer,, Technical support| SAN| Veritas| Data management| NetBackup| Windows OS| WebEx| Unix operating system| TCP/IP| IT infrastructure
454, Senior Drupal Developer,, Drupal| Linux| MySQL| Python| Consulting| Procurement| Monitoring| Front end| Backend| Django
455, Pre Sales Executive,, Presales| Real Estate Sales| Residential Sales| Sales Executive Activities
456, Head - Sales &amp; Strategy (telematics),, b2b sales| team management| kam| commercial vehicle| sales strategy| enterprises sales
457, Content Writer Required for a Monthly Magazine,, Editing| proof reading| content writer| editor| Articles| Article Writing| Content Editor| Journalism| Mass Communication| Copywriter| Associate Editor| Sub Editor| English Writing| Research| Social Media
458, Sales Engineers,, set| eee| interpersonal skills| selling| sales marketing| travel| marketing management| hardware
459, Senior Laravel Developer,, MySQL| Wordpress| Javascript| Flex| CMS| PHP| HTML| JSON| Joomla| Ajax
460," Medical Scribe Chandigarh Mohali Noida No Fees, Salary-26k To 48k",, MBBS| B.sc| Biotech| Dermatology| Rheumatology| ENT| BDS| Medicine| Pathology| Immunology| Medical Transcription| Radiology| Genetics| BAMS| MDS
461, Hub-Incharge Bangalore,, Help Desk| Customer Service| customer relationship| access controls| Asset Management| Vendor Management
462," QA - Associate , - Business - Operations - DM",, QA| Data management| GDB| Fixed income| Data quality| HTTP| Operations| Python
463, Staff Nurse,, Nursing| NICU| Medical | patient care| Nurse
464, Back Office Executive|data Entry Operators|domestic BPO,, back office processing| BPO| part time| data entry| computer operator| backend| non voice| chat process| account| marketing| inbound process
465, Sr Equity Advisor - 5 nos,, shares| market research| communication skills
466, Data Scientist - Sql/nosql,, SQL| NoSQL| R| Python| Scala| Data Visualization| Machine Learning| Data Science| Data Modeling| Algorithm
467, Hiring For Day Shift Non Voice Sal. Up To 24K,, international bpo| IT Helpdesk| freshers| customer care| international voice| call center| customer support| technical helpdesk| service desk| bpo fresher| uk| us| communication skills
468,,,vide
469, React.js Developer,, jQuery| MySQL| Struts| Javascript| Database| JSF
470, Requirement in Private bank for BDE,, Business Development| Sales| Bde| New Business| Business Analyst| Business Development Manager| Business Development Executive| Senior Business Analyst| Sales Manager| Banker| Private Banker| Sales Officer
471, Physics- TGT,, Counselor| Mentor| Trainer| Advisor| Teaching
472, Technical Sales Executive -mumbai,, sales engineer| Technical Sales| Sales Executive Activities
473, Urgent Opening - Hp-ux Administrator,, Unix
474, Support Executive,, Interpersonal skills| Direct marketing| IT hardware| Management| Support Executive
475, J. Stores - Manager,, Analytical skills| Technical| Educational qualification| Stores| Management| Forecasting| Electricals| Inventory| Cables| Organization skills
476, Product Manager,, product management| product pricing| sales| market research| user experience| marketting| asm| tsm| sales manager
477,,,vide
478, Draughtsman,, AutoCAD| Costing| Draughtsman| Civil| 3D
479, Senior Java Tech Lead - Spring Boot/ Data Structure,, Java| SOA| TDD| SaaS| J2EE| Spring Boot| API| Algorithm| Data Structure
480, BCOM (hiring for Top4) Internal Audit /compliance Call Vikas,, Mba Finance| Auditing| Internal Audit| SOX| Audit Compliance| Compliance
481, ETL Datastage Developer,, Technical Management| Agile Methodology| Unit Testing| Design Development| Business Analytics| Big Data| SQL Queries| Spark| Performance Tuning| Test Case Design
482, Technical Lead,, CSS| Html5| MySQL| Javascript| Bootstrap| JSON| Node.Js| JQuery| Core PHP| Ajax
483, Specialist - DV,, Javascript| SQL| Python| design studio| Strategy consulting| Front end| big data analytics| QlikView| MATLAB
484," Office Assistant, Office Boy",, Tea| Coffee| Office Assistance| admin| office assistant| computer operator
485, MES camster/apriso/hydra engineer,, Oracle database| server| VB.NET| technical| tools| sql| Sql Server 2008| database| design| MS.net| Application development| Test cases| net| deployment| Automation| development| c| oracle| testing| specification| vb| quality| application| PLSQL| pl| support| WIP
486, HR PMO Professional,, Change management| Excel| Customer satisfaction| Project management| Relationship building| HR policies| HR| Scheduling| Visio| Stakeholder management
487, Principal Consultant,, Business solutions| Project delivery| Conceptualization| Green field projects| Gap analysis| PDF| Regulatory compliance| account mining| Delivery Lead| Oracle Retail
488, Urgent Requirment For Central Processing Center- Mumbai,, Accounting Entries| Debit| Communication Skills| Finance| Document Verification| Banking| Problem Solving| Open Office| Dispute Management
489, Cognos TM1 Developer (4 6 years),, Sql Server 2008| Cognos| MVC| SIDE| server| java| asp.net| Javascript| Problem| developer| ASP.Net MVC| sql
490, Smart Web Developer,, JAVA| Java| Business Analysts| development| Architects| HTML| Lead Developers| SQL| XML| design| PHP| ios development| PL
491, Manager- Compensation and Benefits,,vide
492, Civil Architect,, Architect| Engineering Design| EPC| Civil
493, Reconciliation Executive,, access controls| Technology| Asset Management| Intellectual Property| Vendor Management| CRM
494, Oracle Sales Cloud Developer,, oracle sales
495, Opening For Sales and Marketing_nariman Point ,, Sales| Marketing
496, Finance & OPS - Technical Consultant (dynamics Ax/365) @ Bangalore,, microsoft dynamics ax| strategy implementation| proposal development| business development| resource planning| cost management| enterprise applications| data integrity| microsoft applications| process design| technical consultant
497, Business Development Manager-digital / Export,, digital marketing| international sales| international marketing| international business development| business development| Export Marketing
498, Sr. Software Engineer,, Unix| PDF| Deployment| Informatica| Oracle| Teradata| Troubleshooting| Data warehousing
499, Website Designer,, jQuery| Analytical| Wordpress| Conceptualization| Web designing| Photoshop| Business Executive| CSS3| Ideas
500, Tech caller hiring a huge number of Executives.,, Outbound| Night shift| Recruitment| iPhone| Email| US shift| Troubleshooting| Technical support| Comp| International BPO
